{
  "price_prediction": {
    "r2": 0.7942058431994503,
    "rmse": 21.935457237070956,
    "mae": 7.459753090136695
  },
  "price_feature_importance": {
    "hour": 0.061831782388216176,
    "day_of_week": 0.06473775601421616,
    "month": 0.02877559276408558,
    "is_weekend": 0.006965647043921341,
    "is_peak_hour": 0.0014537488153754485,
    "hour_sin": 0.04276934804780588,
    "hour_cos": 0.04066378279095809,
    "month_sin": 0.024961580506472777,
    "month_cos": 0.031033380609912068,
    "Load_MW": 0.034113681178874665,
    "load_ma_24h": 0.02719078721782924,
    "price_lag_1h": 0.2757066586140926,
    "price_lag_24h": 0.06209639970985831,
    "price_ma_24h": 0.04749440936898918,
    "Marginal_Cost_Losses_avg": 0.13668360173377017,
    "Marginal_Cost_Congestion_avg": 0.1135218431956222
  },
  "demand_forecast": {
    "r2": 0.9971778253763899,
    "rmse": 84.84830430962535,
    "mae": 40.54418026838822
  },
  "demand_feature_importance": {
    "hour": 0.004312402988332802,
    "day_of_week": 0.0027664232489613663,
    "month": 0.0018786507021503781,
    "is_weekend": 0.0015726020614069494,
    "is_peak_hour": 0.00013510834595950342,
    "hour_sin": 0.002952122265821136,
    "hour_cos": 0.004199813277386742,
    "month_sin": 0.0022636001099104043,
    "month_cos": 0.003519503855851376,
    "LBMP_avg": 0.005819131745412137,
    "price_ma_24h": 0.005681827402702766,
    "load_lag_1h": 0.9519805100001438,
    "load_lag_24h": 0.004721191579429564,
    "load_ma_24h": 0.006661020592648108,
    "Marginal_Cost_Congestion_avg": 0.001536091823882795
  },
  "spike_detection": {
    "auc": 0.9168322170394293,
    "accuracy": 0.9729602510460251,
    "f1": 0.9610910704112701
  },
  "spike_feature_importance": {
    "hour": 0.11064280220602928,
    "day_of_week": 0.05915821089319331,
    "month": 0.08767315790875652,
    "is_weekend": 0.013829461694527971,
    "is_peak_hour": 0.007027734221336989,
    "Load_MW": 0.041345629723920696,
    "load_ma_24h": 0.04145028567612486,
    "load_ratio_24h": 0.13694257351401906,
    "price_lag_1h": 0.12494520330661879,
    "price_ma_24h": 0.117443285633149,
    "price_volatility": 0.14043611687456037,
    "congestion_impact": 0.11910553834776316
  }
}